simnum_OB	year	Year.ref
1	2021	2002
1	2022	2013
1	2023	2000
1	2024	2019
1	2025	2004
1	2026	2009
1	2027	2003
1	2028	2002
1	2029	2007
1	2030	2002
1	2031	2002
1	2032	2013
1	2033	2010
1	2034	2009
1	2035	2019
1	2036	2015
1	2037	2014
1	2038	2006
1	2039	2002
1	2040	2015
1	2041	2007
1	2042	2014
1	2043	2016
1	2044	2002
1	2045	2016
1	2046	2014
1	2047	2019
1	2048	2008
1	2049	2015
1	2050	2002
1	2051	2006
1	2052	2009
1	2053	2011
1	2054	2000
1	2055	2006
1	2056	2005
1	2057	2000
1	2058	2004
1	2059	2013
1	2060	2000
2	2021	2012
2	2022	2007
2	2023	2002
2	2024	2010
2	2025	2019
2	2026	2004
2	2027	2019
2	2028	2010
2	2029	2010
2	2030	2004
2	2031	2005
2	2032	2006
2	2033	2017
2	2034	2014
2	2035	2020
2	2036	2004
2	2037	2003
2	2038	2001
2	2039	2014
2	2040	2017
2	2041	2017
2	2042	2017
2	2043	2017
2	2044	2014
2	2045	2008
2	2046	2002
2	2047	2012
2	2048	2008
2	2049	2005
2	2050	2006
2	2051	2001
2	2052	2017
2	2053	2002
2	2054	2010
2	2055	2020
2	2056	2008
2	2057	2011
2	2058	2000
2	2059	2020
2	2060	2000
3	2021	2013
3	2022	2005
3	2023	2014
3	2024	2012
3	2025	2008
3	2026	2017
3	2027	2006
3	2028	2013
3	2029	2003
3	2030	2008
3	2031	2016
3	2032	2005
3	2033	2011
3	2034	2008
3	2035	2004
3	2036	2015
3	2037	2010
3	2038	2008
3	2039	2007
3	2040	2002
3	2041	2013
3	2042	2016
3	2043	2006
3	2044	2013
3	2045	2016
3	2046	2009
3	2047	2000
3	2048	2014
3	2049	2004
3	2050	2017
3	2051	2020
3	2052	2017
3	2053	2006
3	2054	2017
3	2055	2012
3	2056	2015
3	2057	2018
3	2058	2005
3	2059	2019
3	2060	2015
4	2021	2020
4	2022	2003
4	2023	2000
4	2024	2016
4	2025	2006
4	2026	2015
4	2027	2018
4	2028	2019
4	2029	2007
4	2030	2010
4	2031	2007
4	2032	2001
4	2033	2019
4	2034	2005
4	2035	2008
4	2036	2019
4	2037	2004
4	2038	2001
4	2039	2020
4	2040	2003
4	2041	2004
4	2042	2012
4	2043	2005
4	2044	2002
4	2045	2018
4	2046	2007
4	2047	2004
4	2048	2020
4	2049	2016
4	2050	2008
4	2051	2018
4	2052	2017
4	2053	2014
4	2054	2011
4	2055	2010
4	2056	2019
4	2057	2003
4	2058	2000
4	2059	2017
4	2060	2016
5	2021	2005
5	2022	2015
5	2023	2002
5	2024	2003
5	2025	2017
5	2026	2008
5	2027	2004
5	2028	2001
5	2029	2007
5	2030	2004
5	2031	2020
5	2032	2009
5	2033	2006
5	2034	2010
5	2035	2018
5	2036	2014
5	2037	2018
5	2038	2001
5	2039	2011
5	2040	2007
5	2041	2007
5	2042	2000
5	2043	2002
5	2044	2011
5	2045	2003
5	2046	2010
5	2047	2015
5	2048	2003
5	2049	2016
5	2050	2008
5	2051	2013
5	2052	2015
5	2053	2004
5	2054	2009
5	2055	2009
5	2056	2003
5	2057	2002
5	2058	2008
5	2059	2003
5	2060	2007
6	2021	2017
6	2022	2006
6	2023	2000
6	2024	2001
6	2025	2003
6	2026	2020
6	2027	2017
6	2028	2019
6	2029	2015
6	2030	2009
6	2031	2010
6	2032	2005
6	2033	2019
6	2034	2019
6	2035	2015
6	2036	2018
6	2037	2011
6	2038	2002
6	2039	2010
6	2040	2009
6	2041	2000
6	2042	2008
6	2043	2004
6	2044	2013
6	2045	2017
6	2046	2004
6	2047	2011
6	2048	2005
6	2049	2018
6	2050	2009
6	2051	2018
6	2052	2018
6	2053	2013
6	2054	2002
6	2055	2013
6	2056	2000
6	2057	2008
6	2058	2007
6	2059	2005
6	2060	2005
7	2021	2017
7	2022	2020
7	2023	2003
7	2024	2001
7	2025	2007
7	2026	2003
7	2027	2004
7	2028	2007
7	2029	2018
7	2030	2007
7	2031	2012
7	2032	2018
7	2033	2005
7	2034	2005
7	2035	2019
7	2036	2005
7	2037	2013
7	2038	2003
7	2039	2002
7	2040	2019
7	2041	2002
7	2042	2004
7	2043	2011
7	2044	2015
7	2045	2004
7	2046	2010
7	2047	2018
7	2048	2010
7	2049	2015
7	2050	2016
7	2051	2015
7	2052	2000
7	2053	2001
7	2054	2010
7	2055	2015
7	2056	2017
7	2057	2016
7	2058	2018
7	2059	2010
7	2060	2009
8	2021	2000
8	2022	2007
8	2023	2000
8	2024	2003
8	2025	2000
8	2026	2011
8	2027	2002
8	2028	2012
8	2029	2013
8	2030	2014
8	2031	2001
8	2032	2018
8	2033	2001
8	2034	2001
8	2035	2011
8	2036	2017
8	2037	2002
8	2038	2002
8	2039	2000
8	2040	2003
8	2041	2020
8	2042	2019
8	2043	2013
8	2044	2013
8	2045	2015
8	2046	2020
8	2047	2000
8	2048	2008
8	2049	2000
8	2050	2004
8	2051	2015
8	2052	2006
8	2053	2014
8	2054	2001
8	2055	2020
8	2056	2001
8	2057	2012
8	2058	2009
8	2059	2015
8	2060	2008
9	2021	2020
9	2022	2004
9	2023	2009
9	2024	2013
9	2025	2020
9	2026	2016
9	2027	2019
9	2028	2000
9	2029	2003
9	2030	2006
9	2031	2000
9	2032	2003
9	2033	2007
9	2034	2000
9	2035	2003
9	2036	2009
9	2037	2020
9	2038	2010
9	2039	2002
9	2040	2000
9	2041	2019
9	2042	2011
9	2043	2020
9	2044	2006
9	2045	2016
9	2046	2009
9	2047	2003
9	2048	2020
9	2049	2020
9	2050	2007
9	2051	2005
9	2052	2005
9	2053	2018
9	2054	2003
9	2055	2019
9	2056	2001
9	2057	2014
9	2058	2013
9	2059	2018
9	2060	2004
10	2021	2012
10	2022	2011
10	2023	2006
10	2024	2017
10	2025	2020
10	2026	2011
10	2027	2013
10	2028	2020
10	2029	2020
10	2030	2006
10	2031	2007
10	2032	2009
10	2033	2018
10	2034	2004
10	2035	2003
10	2036	2006
10	2037	2010
10	2038	2017
10	2039	2019
10	2040	2001
10	2041	2001
10	2042	2004
10	2043	2000
10	2044	2019
10	2045	2011
10	2046	2014
10	2047	2016
10	2048	2019
10	2049	2005
10	2050	2011
10	2051	2015
10	2052	2002
10	2053	2015
10	2054	2007
10	2055	2015
10	2056	2000
10	2057	2020
10	2058	2009
10	2059	2007
10	2060	2007
11	2021	2006
11	2022	2017
11	2023	2000
11	2024	2009
11	2025	2010
11	2026	2013
11	2027	2008
11	2028	2004
11	2029	2007
11	2030	2007
11	2031	2014
11	2032	2014
11	2033	2002
11	2034	2020
11	2035	2008
11	2036	2003
11	2037	2003
11	2038	2001
11	2039	2005
11	2040	2001
11	2041	2009
11	2042	2020
11	2043	2007
11	2044	2001
11	2045	2019
11	2046	2003
11	2047	2014
11	2048	2006
11	2049	2010
11	2050	2010
11	2051	2009
11	2052	2013
11	2053	2011
11	2054	2009
11	2055	2005
11	2056	2018
11	2057	2005
11	2058	2002
11	2059	2011
11	2060	2010
12	2021	2012
12	2022	2015
12	2023	2012
12	2024	2018
12	2025	2005
12	2026	2020
12	2027	2000
12	2028	2008
12	2029	2012
12	2030	2002
12	2031	2011
12	2032	2001
12	2033	2006
12	2034	2001
12	2035	2020
12	2036	2015
12	2037	2004
12	2038	2020
12	2039	2011
12	2040	2020
12	2041	2013
12	2042	2007
12	2043	2009
12	2044	2019
12	2045	2012
12	2046	2004
12	2047	2010
12	2048	2019
12	2049	2012
12	2050	2003
12	2051	2014
12	2052	2004
12	2053	2014
12	2054	2006
12	2055	2002
12	2056	2006
12	2057	2001
12	2058	2012
12	2059	2019
12	2060	2003
13	2021	2002
13	2022	2011
13	2023	2007
13	2024	2000
13	2025	2010
13	2026	2001
13	2027	2014
13	2028	2002
13	2029	2000
13	2030	2006
13	2031	2013
13	2032	2009
13	2033	2002
13	2034	2014
13	2035	2006
13	2036	2008
13	2037	2020
13	2038	2016
13	2039	2007
13	2040	2013
13	2041	2009
13	2042	2017
13	2043	2016
13	2044	2014
13	2045	2009
13	2046	2012
13	2047	2001
13	2048	2016
13	2049	2008
13	2050	2012
13	2051	2006
13	2052	2014
13	2053	2020
13	2054	2010
13	2055	2018
13	2056	2014
13	2057	2008
13	2058	2009
13	2059	2002
13	2060	2016
14	2021	2018
14	2022	2003
14	2023	2011
14	2024	2001
14	2025	2018
14	2026	2019
14	2027	2019
14	2028	2009
14	2029	2003
14	2030	2016
14	2031	2003
14	2032	2019
14	2033	2006
14	2034	2018
14	2035	2001
14	2036	2020
14	2037	2010
14	2038	2009
14	2039	2015
14	2040	2003
14	2041	2015
14	2042	2004
14	2043	2012
14	2044	2019
14	2045	2002
14	2046	2007
14	2047	2002
14	2048	2011
14	2049	2010
14	2050	2014
14	2051	2003
14	2052	2003
14	2053	2016
14	2054	2002
14	2055	2019
14	2056	2007
14	2057	2011
14	2058	2010
14	2059	2009
14	2060	2004
15	2021	2010
15	2022	2003
15	2023	2004
15	2024	2018
15	2025	2016
15	2026	2000
15	2027	2000
15	2028	2013
15	2029	2009
15	2030	2015
15	2031	2011
15	2032	2010
15	2033	2005
15	2034	2017
15	2035	2000
15	2036	2015
15	2037	2003
15	2038	2018
15	2039	2011
15	2040	2013
15	2041	2015
15	2042	2012
15	2043	2004
15	2044	2013
15	2045	2010
15	2046	2014
15	2047	2005
15	2048	2012
15	2049	2015
15	2050	2015
15	2051	2014
15	2052	2005
15	2053	2015
15	2054	2017
15	2055	2019
15	2056	2002
15	2057	2019
15	2058	2001
15	2059	2011
15	2060	2003
16	2021	2000
16	2022	2013
16	2023	2012
16	2024	2003
16	2025	2019
16	2026	2007
16	2027	2020
16	2028	2014
16	2029	2005
16	2030	2019
16	2031	2007
16	2032	2000
16	2033	2011
16	2034	2008
16	2035	2019
16	2036	2005
16	2037	2011
16	2038	2008
16	2039	2014
16	2040	2000
16	2041	2003
16	2042	2000
16	2043	2020
16	2044	2012
16	2045	2000
16	2046	2014
16	2047	2004
16	2048	2020
16	2049	2012
16	2050	2019
16	2051	2010
16	2052	2006
16	2053	2016
16	2054	2011
16	2055	2016
16	2056	2013
16	2057	2016
16	2058	2005
16	2059	2012
16	2060	2014
17	2021	2005
17	2022	2011
17	2023	2020
17	2024	2014
17	2025	2006
17	2026	2003
17	2027	2003
17	2028	2018
17	2029	2006
17	2030	2003
17	2031	2018
17	2032	2012
17	2033	2019
17	2034	2018
17	2035	2007
17	2036	2002
17	2037	2010
17	2038	2012
17	2039	2013
17	2040	2016
17	2041	2005
17	2042	2001
17	2043	2007
17	2044	2004
17	2045	2013
17	2046	2000
17	2047	2007
17	2048	2020
17	2049	2019
17	2050	2002
17	2051	2013
17	2052	2015
17	2053	2003
17	2054	2014
17	2055	2003
17	2056	2020
17	2057	2019
17	2058	2011
17	2059	2015
17	2060	2015
18	2021	2020
18	2022	2005
18	2023	2001
18	2024	2014
18	2025	2003
18	2026	2010
18	2027	2016
18	2028	2012
18	2029	2000
18	2030	2002
18	2031	2016
18	2032	2001
18	2033	2003
18	2034	2008
18	2035	2001
18	2036	2013
18	2037	2002
18	2038	2015
18	2039	2016
18	2040	2003
18	2041	2018
18	2042	2000
18	2043	2019
18	2044	2007
18	2045	2019
18	2046	2006
18	2047	2005
18	2048	2000
18	2049	2017
18	2050	2002
18	2051	2016
18	2052	2004
18	2053	2014
18	2054	2007
18	2055	2001
18	2056	2018
18	2057	2005
18	2058	2009
18	2059	2018
18	2060	2019
19	2021	2011
19	2022	2011
19	2023	2009
19	2024	2005
19	2025	2020
19	2026	2005
19	2027	2003
19	2028	2002
19	2029	2012
19	2030	2010
19	2031	2016
19	2032	2018
19	2033	2004
19	2034	2010
19	2035	2008
19	2036	2002
19	2037	2000
19	2038	2003
19	2039	2016
19	2040	2006
19	2041	2020
19	2042	2013
19	2043	2012
19	2044	2018
19	2045	2020
19	2046	2003
19	2047	2000
19	2048	2017
19	2049	2007
19	2050	2014
19	2051	2007
19	2052	2001
19	2053	2006
19	2054	2007
19	2055	2020
19	2056	2015
19	2057	2009
19	2058	2016
19	2059	2011
19	2060	2018
20	2021	2012
20	2022	2003
20	2023	2003
20	2024	2001
20	2025	2018
20	2026	2003
20	2027	2015
20	2028	2009
20	2029	2008
20	2030	2007
20	2031	2011
20	2032	2003
20	2033	2013
20	2034	2006
20	2035	2003
20	2036	2000
20	2037	2012
20	2038	2008
20	2039	2014
20	2040	2019
20	2041	2009
20	2042	2016
20	2043	2017
20	2044	2003
20	2045	2018
20	2046	2019
20	2047	2019
20	2048	2006
20	2049	2004
20	2050	2006
20	2051	2014
20	2052	2017
20	2053	2003
20	2054	2011
20	2055	2018
20	2056	2004
20	2057	2011
20	2058	2003
20	2059	2001
20	2060	2020
21	2021	2005
21	2022	2000
21	2023	2008
21	2024	2014
21	2025	2006
21	2026	2008
21	2027	2019
21	2028	2005
21	2029	2011
21	2030	2003
21	2031	2007
21	2032	2018
21	2033	2017
21	2034	2006
21	2035	2020
21	2036	2011
21	2037	2014
21	2038	2018
21	2039	2012
21	2040	2007
21	2041	2016
21	2042	2019
21	2043	2003
21	2044	2014
21	2045	2010
21	2046	2020
21	2047	2002
21	2048	2014
21	2049	2015
21	2050	2002
21	2051	2012
21	2052	2002
21	2053	2018
21	2054	2017
21	2055	2010
21	2056	2019
21	2057	2015
21	2058	2007
21	2059	2014
21	2060	2010
22	2021	2011
22	2022	2000
22	2023	2015
22	2024	2017
22	2025	2011
22	2026	2017
22	2027	2009
22	2028	2014
22	2029	2009
22	2030	2007
22	2031	2000
22	2032	2013
22	2033	2012
22	2034	2018
22	2035	2019
22	2036	2010
22	2037	2018
22	2038	2009
22	2039	2018
22	2040	2018
22	2041	2008
22	2042	2019
22	2043	2008
22	2044	2015
22	2045	2016
22	2046	2013
22	2047	2005
22	2048	2014
22	2049	2013
22	2050	2007
22	2051	2019
22	2052	2011
22	2053	2011
22	2054	2003
22	2055	2020
22	2056	2014
22	2057	2017
22	2058	2020
22	2059	2016
22	2060	2015
23	2021	2009
23	2022	2011
23	2023	2008
23	2024	2008
23	2025	2009
23	2026	2003
23	2027	2014
23	2028	2017
23	2029	2015
23	2030	2015
23	2031	2012
23	2032	2004
23	2033	2009
23	2034	2002
23	2035	2016
23	2036	2018
23	2037	2009
23	2038	2018
23	2039	2012
23	2040	2004
23	2041	2019
23	2042	2002
23	2043	2003
23	2044	2016
23	2045	2014
23	2046	2019
23	2047	2007
23	2048	2018
23	2049	2015
23	2050	2004
23	2051	2001
23	2052	2016
23	2053	2000
23	2054	2005
23	2055	2012
23	2056	2007
23	2057	2000
23	2058	2009
23	2059	2000
23	2060	2011
24	2021	2016
24	2022	2020
24	2023	2005
24	2024	2014
24	2025	2016
24	2026	2011
24	2027	2015
24	2028	2012
24	2029	2015
24	2030	2006
24	2031	2009
24	2032	2011
24	2033	2002
24	2034	2013
24	2035	2016
24	2036	2003
24	2037	2017
24	2038	2014
24	2039	2004
24	2040	2002
24	2041	2019
24	2042	2020
24	2043	2006
24	2044	2002
24	2045	2015
24	2046	2004
24	2047	2020
24	2048	2006
24	2049	2019
24	2050	2018
24	2051	2007
24	2052	2018
24	2053	2015
24	2054	2015
24	2055	2008
24	2056	2003
24	2057	2001
24	2058	2017
24	2059	2003
24	2060	2009
25	2021	2001
25	2022	2009
25	2023	2010
25	2024	2017
25	2025	2009
25	2026	2004
25	2027	2020
25	2028	2016
25	2029	2020
25	2030	2012
25	2031	2010
25	2032	2003
25	2033	2006
25	2034	2008
25	2035	2010
25	2036	2007
25	2037	2004
25	2038	2013
25	2039	2010
25	2040	2007
25	2041	2012
25	2042	2012
25	2043	2008
25	2044	2011
25	2045	2006
25	2046	2019
25	2047	2019
25	2048	2018
25	2049	2020
25	2050	2009
25	2051	2019
25	2052	2011
25	2053	2003
25	2054	2000
25	2055	2005
25	2056	2010
25	2057	2017
25	2058	2012
25	2059	2004
25	2060	2003
26	2021	2007
26	2022	2012
26	2023	2017
26	2024	2019
26	2025	2013
26	2026	2009
26	2027	2020
26	2028	2012
26	2029	2011
26	2030	2005
26	2031	2011
26	2032	2000
26	2033	2017
26	2034	2010
26	2035	2015
26	2036	2010
26	2037	2018
26	2038	2011
26	2039	2013
26	2040	2004
26	2041	2010
26	2042	2003
26	2043	2018
26	2044	2004
26	2045	2002
26	2046	2005
26	2047	2006
26	2048	2006
26	2049	2008
26	2050	2017
26	2051	2019
26	2052	2015
26	2053	2019
26	2054	2014
26	2055	2005
26	2056	2007
26	2057	2001
26	2058	2011
26	2059	2020
26	2060	2017
27	2021	2004
27	2022	2013
27	2023	2008
27	2024	2008
27	2025	2020
27	2026	2012
27	2027	2008
27	2028	2004
27	2029	2020
27	2030	2020
27	2031	2017
27	2032	2011
27	2033	2002
27	2034	2000
27	2035	2014
27	2036	2003
27	2037	2000
27	2038	2010
27	2039	2012
27	2040	2013
27	2041	2006
27	2042	2016
27	2043	2014
27	2044	2010
27	2045	2005
27	2046	2011
27	2047	2019
27	2048	2013
27	2049	2016
27	2050	2014
27	2051	2020
27	2052	2013
27	2053	2008
27	2054	2016
27	2055	2018
27	2056	2015
27	2057	2020
27	2058	2005
27	2059	2009
27	2060	2020
28	2021	2002
28	2022	2004
28	2023	2011
28	2024	2004
28	2025	2012
28	2026	2013
28	2027	2003
28	2028	2014
28	2029	2007
28	2030	2010
28	2031	2003
28	2032	2010
28	2033	2005
28	2034	2018
28	2035	2020
28	2036	2020
28	2037	2012
28	2038	2002
28	2039	2015
28	2040	2000
28	2041	2019
28	2042	2004
28	2043	2008
28	2044	2012
28	2045	2007
28	2046	2020
28	2047	2017
28	2048	2016
28	2049	2015
28	2050	2009
28	2051	2010
28	2052	2005
28	2053	2010
28	2054	2006
28	2055	2011
28	2056	2014
28	2057	2015
28	2058	2017
28	2059	2006
28	2060	2000
29	2021	2016
29	2022	2007
29	2023	2020
29	2024	2004
29	2025	2020
29	2026	2020
29	2027	2007
29	2028	2000
29	2029	2012
29	2030	2012
29	2031	2000
29	2032	2016
29	2033	2017
29	2034	2017
29	2035	2002
29	2036	2006
29	2037	2011
29	2038	2003
29	2039	2004
29	2040	2005
29	2041	2001
29	2042	2011
29	2043	2015
29	2044	2004
29	2045	2008
29	2046	2001
29	2047	2001
29	2048	2011
29	2049	2003
29	2050	2004
29	2051	2017
29	2052	2008
29	2053	2003
29	2054	2014
29	2055	2012
29	2056	2000
29	2057	2020
29	2058	2001
29	2059	2019
29	2060	2009
30	2021	2016
30	2022	2012
30	2023	2009
30	2024	2002
30	2025	2007
30	2026	2016
30	2027	2019
30	2028	2011
30	2029	2012
30	2030	2007
30	2031	2016
30	2032	2003
30	2033	2012
30	2034	2015
30	2035	2007
30	2036	2016
30	2037	2008
30	2038	2002
30	2039	2014
30	2040	2000
30	2041	2006
30	2042	2009
30	2043	2019
30	2044	2011
30	2045	2015
30	2046	2003
30	2047	2005
30	2048	2002
30	2049	2014
30	2050	2004
30	2051	2018
30	2052	2000
30	2053	2009
30	2054	2017
30	2055	2010
30	2056	2019
30	2057	2002
30	2058	2000
30	2059	2019
30	2060	2002
31	2021	2013
31	2022	2017
31	2023	2006
31	2024	2010
31	2025	2008
31	2026	2013
31	2027	2007
31	2028	2005
31	2029	2004
31	2030	2009
31	2031	2019
31	2032	2010
31	2033	2016
31	2034	2018
31	2035	2013
31	2036	2006
31	2037	2012
31	2038	2002
31	2039	2004
31	2040	2017
31	2041	2008
31	2042	2010
31	2043	2007
31	2044	2007
31	2045	2006
31	2046	2007
31	2047	2014
31	2048	2013
31	2049	2008
31	2050	2013
31	2051	2018
31	2052	2013
31	2053	2020
31	2054	2010
31	2055	2001
31	2056	2017
31	2057	2012
31	2058	2013
31	2059	2020
31	2060	2007
32	2021	2013
32	2022	2011
32	2023	2000
32	2024	2010
32	2025	2002
32	2026	2011
32	2027	2005
32	2028	2017
32	2029	2001
32	2030	2009
32	2031	2007
32	2032	2012
32	2033	2019
32	2034	2013
32	2035	2009
32	2036	2016
32	2037	2014
32	2038	2012
32	2039	2015
32	2040	2007
32	2041	2020
32	2042	2013
32	2043	2012
32	2044	2010
32	2045	2016
32	2046	2017
32	2047	2002
32	2048	2010
32	2049	2000
32	2050	2009
32	2051	2002
32	2052	2002
32	2053	2015
32	2054	2015
32	2055	2019
32	2056	2001
32	2057	2011
32	2058	2011
32	2059	2014
32	2060	2007
33	2021	2019
33	2022	2002
33	2023	2009
33	2024	2014
33	2025	2004
33	2026	2018
33	2027	2020
33	2028	2007
33	2029	2005
33	2030	2012
33	2031	2001
33	2032	2018
33	2033	2005
33	2034	2001
33	2035	2017
33	2036	2012
33	2037	2005
33	2038	2006
33	2039	2002
33	2040	2009
33	2041	2001
33	2042	2005
33	2043	2012
33	2044	2002
33	2045	2011
33	2046	2016
33	2047	2011
33	2048	2004
33	2049	2019
33	2050	2007
33	2051	2020
33	2052	2000
33	2053	2017
33	2054	2019
33	2055	2012
33	2056	2002
33	2057	2003
33	2058	2009
33	2059	2009
33	2060	2008
34	2021	2010
34	2022	2014
34	2023	2007
34	2024	2005
34	2025	2020
34	2026	2001
34	2027	2016
34	2028	2015
34	2029	2017
34	2030	2006
34	2031	2020
34	2032	2018
34	2033	2011
34	2034	2019
34	2035	2015
34	2036	2015
34	2037	2010
34	2038	2004
34	2039	2012
34	2040	2015
34	2041	2000
34	2042	2009
34	2043	2007
34	2044	2003
34	2045	2011
34	2046	2016
34	2047	2001
34	2048	2012
34	2049	2011
34	2050	2008
34	2051	2002
34	2052	2002
34	2053	2014
34	2054	2014
34	2055	2016
34	2056	2020
34	2057	2011
34	2058	2006
34	2059	2016
34	2060	2012
35	2021	2014
35	2022	2005
35	2023	2018
35	2024	2017
35	2025	2005
35	2026	2014
35	2027	2016
35	2028	2016
35	2029	2013
35	2030	2015
35	2031	2005
35	2032	2007
35	2033	2019
35	2034	2005
35	2035	2003
35	2036	2013
35	2037	2015
35	2038	2014
35	2039	2007
35	2040	2000
35	2041	2018
35	2042	2004
35	2043	2020
35	2044	2010
35	2045	2017
35	2046	2018
35	2047	2017
35	2048	2006
35	2049	2015
35	2050	2008
35	2051	2014
35	2052	2012
35	2053	2008
35	2054	2016
35	2055	2012
35	2056	2001
35	2057	2009
35	2058	2003
35	2059	2020
35	2060	2002
36	2021	2013
36	2022	2013
36	2023	2011
36	2024	2018
36	2025	2018
36	2026	2011
36	2027	2000
36	2028	2011
36	2029	2014
36	2030	2002
36	2031	2008
36	2032	2010
36	2033	2006
36	2034	2017
36	2035	2005
36	2036	2018
36	2037	2016
36	2038	2011
36	2039	2001
36	2040	2001
36	2041	2008
36	2042	2020
36	2043	2015
36	2044	2006
36	2045	2019
36	2046	2016
36	2047	2001
36	2048	2010
36	2049	2000
36	2050	2008
36	2051	2007
36	2052	2014
36	2053	2020
36	2054	2008
36	2055	2000
36	2056	2007
36	2057	2020
36	2058	2000
36	2059	2014
36	2060	2005
37	2021	2001
37	2022	2014
37	2023	2020
37	2024	2014
37	2025	2020
37	2026	2011
37	2027	2018
37	2028	2020
37	2029	2020
37	2030	2001
37	2031	2015
37	2032	2013
37	2033	2010
37	2034	2020
37	2035	2008
37	2036	2017
37	2037	2019
37	2038	2017
37	2039	2003
37	2040	2004
37	2041	2005
37	2042	2006
37	2043	2015
37	2044	2007
37	2045	2019
37	2046	2016
37	2047	2007
37	2048	2010
37	2049	2014
37	2050	2019
37	2051	2000
37	2052	2001
37	2053	2019
37	2054	2003
37	2055	2007
37	2056	2014
37	2057	2000
37	2058	2020
37	2059	2008
37	2060	2013
38	2021	2000
38	2022	2012
38	2023	2004
38	2024	2018
38	2025	2011
38	2026	2016
38	2027	2014
38	2028	2010
38	2029	2017
38	2030	2013
38	2031	2009
38	2032	2001
38	2033	2007
38	2034	2006
38	2035	2007
38	2036	2012
38	2037	2010
38	2038	2005
38	2039	2018
38	2040	2005
38	2041	2016
38	2042	2000
38	2043	2002
38	2044	2017
38	2045	2016
38	2046	2007
38	2047	2010
38	2048	2015
38	2049	2000
38	2050	2013
38	2051	2011
38	2052	2006
38	2053	2010
38	2054	2010
38	2055	2005
38	2056	2013
38	2057	2010
38	2058	2012
38	2059	2018
38	2060	2000
39	2021	2018
39	2022	2012
39	2023	2006
39	2024	2006
39	2025	2014
39	2026	2007
39	2027	2009
39	2028	2018
39	2029	2010
39	2030	2019
39	2031	2018
39	2032	2009
39	2033	2003
39	2034	2004
39	2035	2012
39	2036	2010
39	2037	2018
39	2038	2006
39	2039	2005
39	2040	2003
39	2041	2018
39	2042	2009
39	2043	2015
39	2044	2007
39	2045	2012
39	2046	2000
39	2047	2006
39	2048	2013
39	2049	2020
39	2050	2007
39	2051	2005
39	2052	2015
39	2053	2004
39	2054	2013
39	2055	2016
39	2056	2011
39	2057	2010
39	2058	2013
39	2059	2017
39	2060	2014
40	2021	2014
40	2022	2011
40	2023	2005
40	2024	2000
40	2025	2019
40	2026	2015
40	2027	2005
40	2028	2007
40	2029	2015
40	2030	2015
40	2031	2002
40	2032	2010
40	2033	2000
40	2034	2017
40	2035	2001
40	2036	2016
40	2037	2014
40	2038	2016
40	2039	2001
40	2040	2001
40	2041	2001
40	2042	2006
40	2043	2016
40	2044	2009
40	2045	2020
40	2046	2018
40	2047	2003
40	2048	2003
40	2049	2004
40	2050	2015
40	2051	2006
40	2052	2010
40	2053	2011
40	2054	2013
40	2055	2013
40	2056	2013
40	2057	2005
40	2058	2003
40	2059	2013
40	2060	2011
41	2021	2003
41	2022	2011
41	2023	2006
41	2024	2009
41	2025	2017
41	2026	2018
41	2027	2007
41	2028	2007
41	2029	2003
41	2030	2016
41	2031	2013
41	2032	2016
41	2033	2004
41	2034	2011
41	2035	2001
41	2036	2005
41	2037	2018
41	2038	2000
41	2039	2004
41	2040	2017
41	2041	2014
41	2042	2002
41	2043	2014
41	2044	2020
41	2045	2020
41	2046	2010
41	2047	2006
41	2048	2002
41	2049	2009
41	2050	2002
41	2051	2009
41	2052	2013
41	2053	2007
41	2054	2018
41	2055	2001
41	2056	2000
41	2057	2017
41	2058	2003
41	2059	2001
41	2060	2007
42	2021	2005
42	2022	2008
42	2023	2011
42	2024	2008
42	2025	2009
42	2026	2010
42	2027	2013
42	2028	2012
42	2029	2010
42	2030	2003
42	2031	2006
42	2032	2011
42	2033	2008
42	2034	2020
42	2035	2008
42	2036	2001
42	2037	2008
42	2038	2006
42	2039	2018
42	2040	2005
42	2041	2002
42	2042	2007
42	2043	2020
42	2044	2001
42	2045	2012
42	2046	2015
42	2047	2011
42	2048	2000
42	2049	2016
42	2050	2006
42	2051	2012
42	2052	2006
42	2053	2019
42	2054	2006
42	2055	2012
42	2056	2000
42	2057	2010
42	2058	2008
42	2059	2008
42	2060	2014
43	2021	2002
43	2022	2017
43	2023	2011
43	2024	2015
43	2025	2020
43	2026	2002
43	2027	2007
43	2028	2003
43	2029	2006
43	2030	2009
43	2031	2010
43	2032	2006
43	2033	2011
43	2034	2006
43	2035	2018
43	2036	2001
43	2037	2006
43	2038	2019
43	2039	2009
43	2040	2018
43	2041	2007
43	2042	2005
43	2043	2009
43	2044	2010
43	2045	2011
43	2046	2007
43	2047	2010
43	2048	2018
43	2049	2012
43	2050	2012
43	2051	2019
43	2052	2005
43	2053	2013
43	2054	2011
43	2055	2018
43	2056	2005
43	2057	2011
43	2058	2017
43	2059	2009
43	2060	2008
44	2021	2004
44	2022	2015
44	2023	2002
44	2024	2011
44	2025	2012
44	2026	2014
44	2027	2017
44	2028	2004
44	2029	2000
44	2030	2010
44	2031	2020
44	2032	2003
44	2033	2008
44	2034	2020
44	2035	2008
44	2036	2009
44	2037	2009
44	2038	2020
44	2039	2010
44	2040	2016
44	2041	2008
44	2042	2016
44	2043	2013
44	2044	2004
44	2045	2014
44	2046	2007
44	2047	2000
44	2048	2014
44	2049	2010
44	2050	2000
44	2051	2005
44	2052	2010
44	2053	2013
44	2054	2020
44	2055	2015
44	2056	2007
44	2057	2016
44	2058	2009
44	2059	2012
44	2060	2019
45	2021	2013
45	2022	2017
45	2023	2001
45	2024	2009
45	2025	2011
45	2026	2008
45	2027	2006
45	2028	2019
45	2029	2010
45	2030	2019
45	2031	2009
45	2032	2015
45	2033	2005
45	2034	2014
45	2035	2009
45	2036	2015
45	2037	2014
45	2038	2003
45	2039	2012
45	2040	2016
45	2041	2001
45	2042	2017
45	2043	2006
45	2044	2020
45	2045	2004
45	2046	2009
45	2047	2017
45	2048	2013
45	2049	2012
45	2050	2020
45	2051	2015
45	2052	2004
45	2053	2004
45	2054	2000
45	2055	2010
45	2056	2004
45	2057	2010
45	2058	2001
45	2059	2015
45	2060	2010
46	2021	2016
46	2022	2001
46	2023	2000
46	2024	2006
46	2025	2008
46	2026	2009
46	2027	2005
46	2028	2017
46	2029	2002
46	2030	2003
46	2031	2013
46	2032	2020
46	2033	2011
46	2034	2018
46	2035	2013
46	2036	2009
46	2037	2010
46	2038	2005
46	2039	2012
46	2040	2009
46	2041	2019
46	2042	2002
46	2043	2005
46	2044	2017
46	2045	2011
46	2046	2006
46	2047	2007
46	2048	2015
46	2049	2010
46	2050	2003
46	2051	2007
46	2052	2003
46	2053	2003
46	2054	2001
46	2055	2005
46	2056	2001
46	2057	2004
46	2058	2000
46	2059	2008
46	2060	2014
47	2021	2009
47	2022	2012
47	2023	2020
47	2024	2005
47	2025	2008
47	2026	2000
47	2027	2017
47	2028	2019
47	2029	2019
47	2030	2019
47	2031	2017
47	2032	2018
47	2033	2000
47	2034	2003
47	2035	2015
47	2036	2001
47	2037	2013
47	2038	2002
47	2039	2012
47	2040	2011
47	2041	2005
47	2042	2007
47	2043	2015
47	2044	2012
47	2045	2010
47	2046	2002
47	2047	2018
47	2048	2004
47	2049	2006
47	2050	2002
47	2051	2018
47	2052	2012
47	2053	2006
47	2054	2001
47	2055	2015
47	2056	2000
47	2057	2002
47	2058	2013
47	2059	2010
47	2060	2005
48	2021	2019
48	2022	2009
48	2023	2009
48	2024	2012
48	2025	2002
48	2026	2017
48	2027	2003
48	2028	2007
48	2029	2004
48	2030	2017
48	2031	2019
48	2032	2015
48	2033	2018
48	2034	2001
48	2035	2017
48	2036	2008
48	2037	2005
48	2038	2013
48	2039	2020
48	2040	2000
48	2041	2001
48	2042	2011
48	2043	2013
48	2044	2006
48	2045	2007
48	2046	2020
48	2047	2001
48	2048	2017
48	2049	2018
48	2050	2008
48	2051	2020
48	2052	2002
48	2053	2005
48	2054	2020
48	2055	2003
48	2056	2000
48	2057	2020
48	2058	2008
48	2059	2019
48	2060	2014
49	2021	2007
49	2022	2010
49	2023	2020
49	2024	2014
49	2025	2002
49	2026	2008
49	2027	2020
49	2028	2020
49	2029	2008
49	2030	2017
49	2031	2013
49	2032	2016
49	2033	2003
49	2034	2019
49	2035	2013
49	2036	2015
49	2037	2018
49	2038	2001
49	2039	2019
49	2040	2020
49	2041	2012
49	2042	2000
49	2043	2000
49	2044	2009
49	2045	2017
49	2046	2002
49	2047	2019
49	2048	2009
49	2049	2003
49	2050	2001
49	2051	2019
49	2052	2009
49	2053	2009
49	2054	2006
49	2055	2004
49	2056	2011
49	2057	2004
49	2058	2010
49	2059	2011
49	2060	2007
50	2021	2011
50	2022	2006
50	2023	2012
50	2024	2019
50	2025	2009
50	2026	2012
50	2027	2017
50	2028	2006
50	2029	2003
50	2030	2014
50	2031	2005
50	2032	2000
50	2033	2010
50	2034	2014
50	2035	2016
50	2036	2007
50	2037	2006
50	2038	2001
50	2039	2018
50	2040	2007
50	2041	2000
50	2042	2005
50	2043	2004
50	2044	2008
50	2045	2001
50	2046	2001
50	2047	2001
50	2048	2013
50	2049	2011
50	2050	2016
50	2051	2011
50	2052	2016
50	2053	2018
50	2054	2004
50	2055	2011
50	2056	2011
50	2057	2000
50	2058	2002
50	2059	2008
50	2060	2010
51	2021	2001
51	2022	2006
51	2023	2003
51	2024	2005
51	2025	2009
51	2026	2002
51	2027	2013
51	2028	2016
51	2029	2003
51	2030	2006
51	2031	2014
51	2032	2006
51	2033	2007
51	2034	2015
51	2035	2011
51	2036	2008
51	2037	2017
51	2038	2011
51	2039	2011
51	2040	2006
51	2041	2011
51	2042	2012
51	2043	2012
51	2044	2020
51	2045	2002
51	2046	2000
51	2047	2005
51	2048	2011
51	2049	2003
51	2050	2016
51	2051	2017
51	2052	2007
51	2053	2003
51	2054	2019
51	2055	2011
51	2056	2005
51	2057	2006
51	2058	2002
51	2059	2017
51	2060	2012
52	2021	2020
52	2022	2013
52	2023	2003
52	2024	2020
52	2025	2014
52	2026	2000
52	2027	2002
52	2028	2001
52	2029	2005
52	2030	2009
52	2031	2010
52	2032	2020
52	2033	2012
52	2034	2000
52	2035	2008
52	2036	2010
52	2037	2001
52	2038	2019
52	2039	2018
52	2040	2011
52	2041	2011
52	2042	2018
52	2043	2012
52	2044	2007
52	2045	2009
52	2046	2003
52	2047	2002
52	2048	2009
52	2049	2007
52	2050	2018
52	2051	2020
52	2052	2019
52	2053	2001
52	2054	2020
52	2055	2003
52	2056	2019
52	2057	2012
52	2058	2012
52	2059	2017
52	2060	2020
53	2021	2003
53	2022	2010
53	2023	2002
53	2024	2004
53	2025	2015
53	2026	2017
53	2027	2003
53	2028	2006
53	2029	2006
53	2030	2004
53	2031	2016
53	2032	2015
53	2033	2008
53	2034	2010
53	2035	2001
53	2036	2020
53	2037	2019
53	2038	2018
53	2039	2003
53	2040	2016
53	2041	2010
53	2042	2014
53	2043	2000
53	2044	2009
53	2045	2015
53	2046	2005
53	2047	2013
53	2048	2009
53	2049	2016
53	2050	2005
53	2051	2015
53	2052	2005
53	2053	2009
53	2054	2003
53	2055	2017
53	2056	2009
53	2057	2007
53	2058	2019
53	2059	2006
53	2060	2010
54	2021	2015
54	2022	2009
54	2023	2011
54	2024	2000
54	2025	2008
54	2026	2012
54	2027	2010
54	2028	2017
54	2029	2018
54	2030	2010
54	2031	2012
54	2032	2014
54	2033	2020
54	2034	2005
54	2035	2012
54	2036	2015
54	2037	2002
54	2038	2007
54	2039	2016
54	2040	2008
54	2041	2015
54	2042	2011
54	2043	2013
54	2044	2020
54	2045	2011
54	2046	2001
54	2047	2013
54	2048	2013
54	2049	2013
54	2050	2017
54	2051	2017
54	2052	2004
54	2053	2009
54	2054	2015
54	2055	2002
54	2056	2009
54	2057	2015
54	2058	2000
54	2059	2019
54	2060	2009
55	2021	2008
55	2022	2005
55	2023	2002
55	2024	2016
55	2025	2010
55	2026	2015
55	2027	2003
55	2028	2012
55	2029	2002
55	2030	2010
55	2031	2020
55	2032	2012
55	2033	2015
55	2034	2004
55	2035	2004
55	2036	2007
55	2037	2003
55	2038	2002
55	2039	2007
55	2040	2000
55	2041	2001
55	2042	2007
55	2043	2010
55	2044	2004
55	2045	2015
55	2046	2019
55	2047	2016
55	2048	2006
55	2049	2016
55	2050	2006
55	2051	2003
55	2052	2017
55	2053	2000
55	2054	2014
55	2055	2006
55	2056	2009
55	2057	2011
55	2058	2002
55	2059	2012
55	2060	2014
56	2021	2018
56	2022	2001
56	2023	2017
56	2024	2005
56	2025	2003
56	2026	2001
56	2027	2013
56	2028	2019
56	2029	2008
56	2030	2007
56	2031	2017
56	2032	2005
56	2033	2000
56	2034	2007
56	2035	2015
56	2036	2008
56	2037	2016
56	2038	2018
56	2039	2012
56	2040	2001
56	2041	2007
56	2042	2013
56	2043	2012
56	2044	2008
56	2045	2009
56	2046	2013
56	2047	2012
56	2048	2011
56	2049	2010
56	2050	2003
56	2051	2000
56	2052	2020
56	2053	2016
56	2054	2017
56	2055	2017
56	2056	2014
56	2057	2011
56	2058	2004
56	2059	2010
56	2060	2017
57	2021	2000
57	2022	2002
57	2023	2004
57	2024	2015
57	2025	2000
57	2026	2009
57	2027	2015
57	2028	2002
57	2029	2003
57	2030	2020
57	2031	2002
57	2032	2005
57	2033	2006
57	2034	2018
57	2035	2014
57	2036	2004
57	2037	2003
57	2038	2014
57	2039	2014
57	2040	2008
57	2041	2001
57	2042	2017
57	2043	2004
57	2044	2007
57	2045	2019
57	2046	2004
57	2047	2020
57	2048	2008
57	2049	2006
57	2050	2012
57	2051	2009
57	2052	2013
57	2053	2012
57	2054	2016
57	2055	2002
57	2056	2015
57	2057	2017
57	2058	2019
57	2059	2006
57	2060	2015
58	2021	2002
58	2022	2019
58	2023	2010
58	2024	2003
58	2025	2007
58	2026	2000
58	2027	2019
58	2028	2015
58	2029	2000
58	2030	2007
58	2031	2005
58	2032	2003
58	2033	2005
58	2034	2017
58	2035	2009
58	2036	2001
58	2037	2015
58	2038	2017
58	2039	2016
58	2040	2005
58	2041	2019
58	2042	2017
58	2043	2006
58	2044	2004
58	2045	2009
58	2046	2007
58	2047	2019
58	2048	2016
58	2049	2005
58	2050	2016
58	2051	2016
58	2052	2011
58	2053	2004
58	2054	2010
58	2055	2004
58	2056	2006
58	2057	2013
58	2058	2015
58	2059	2016
58	2060	2002
59	2021	2011
59	2022	2009
59	2023	2014
59	2024	2003
59	2025	2006
59	2026	2017
59	2027	2012
59	2028	2003
59	2029	2007
59	2030	2018
59	2031	2008
59	2032	2011
59	2033	2018
59	2034	2002
59	2035	2020
59	2036	2009
59	2037	2006
59	2038	2019
59	2039	2019
59	2040	2005
59	2041	2000
59	2042	2004
59	2043	2007
59	2044	2006
59	2045	2016
59	2046	2008
59	2047	2001
59	2048	2001
59	2049	2014
59	2050	2013
59	2051	2015
59	2052	2014
59	2053	2020
59	2054	2012
59	2055	2018
59	2056	2020
59	2057	2007
59	2058	2003
59	2059	2016
59	2060	2002
60	2021	2000
60	2022	2016
60	2023	2013
60	2024	2007
60	2025	2019
60	2026	2010
60	2027	2008
60	2028	2012
60	2029	2002
60	2030	2003
60	2031	2007
60	2032	2006
60	2033	2009
60	2034	2008
60	2035	2006
60	2036	2005
60	2037	2007
60	2038	2010
60	2039	2012
60	2040	2004
60	2041	2012
60	2042	2017
60	2043	2004
60	2044	2008
60	2045	2004
60	2046	2010
60	2047	2014
60	2048	2009
60	2049	2012
60	2050	2001
60	2051	2012
60	2052	2006
60	2053	2007
60	2054	2017
60	2055	2018
60	2056	2020
60	2057	2014
60	2058	2011
60	2059	2010
60	2060	2009
61	2021	2013
61	2022	2011
61	2023	2001
61	2024	2012
61	2025	2019
61	2026	2018
61	2027	2018
61	2028	2018
61	2029	2018
61	2030	2008
61	2031	2005
61	2032	2011
61	2033	2017
61	2034	2013
61	2035	2000
61	2036	2007
61	2037	2003
61	2038	2019
61	2039	2000
61	2040	2008
61	2041	2004
61	2042	2017
61	2043	2012
61	2044	2004
61	2045	2012
61	2046	2017
61	2047	2006
61	2048	2001
61	2049	2005
61	2050	2003
61	2051	2005
61	2052	2012
61	2053	2004
61	2054	2007
61	2055	2004
61	2056	2019
61	2057	2008
61	2058	2014
61	2059	2016
61	2060	2016
62	2021	2000
62	2022	2000
62	2023	2003
62	2024	2007
62	2025	2014
62	2026	2016
62	2027	2006
62	2028	2016
62	2029	2006
62	2030	2015
62	2031	2008
62	2032	2019
62	2033	2008
62	2034	2003
62	2035	2008
62	2036	2011
62	2037	2008
62	2038	2007
62	2039	2012
62	2040	2001
62	2041	2015
62	2042	2008
62	2043	2018
62	2044	2019
62	2045	2010
62	2046	2003
62	2047	2019
62	2048	2016
62	2049	2009
62	2050	2006
62	2051	2006
62	2052	2013
62	2053	2007
62	2054	2004
62	2055	2020
62	2056	2020
62	2057	2012
62	2058	2011
62	2059	2011
62	2060	2014
63	2021	2011
63	2022	2007
63	2023	2004
63	2024	2008
63	2025	2013
63	2026	2012
63	2027	2007
63	2028	2010
63	2029	2015
63	2030	2005
63	2031	2002
63	2032	2002
63	2033	2005
63	2034	2011
63	2035	2019
63	2036	2001
63	2037	2000
63	2038	2011
63	2039	2001
63	2040	2010
63	2041	2020
63	2042	2009
63	2043	2015
63	2044	2012
63	2045	2019
63	2046	2019
63	2047	2003
63	2048	2017
63	2049	2003
63	2050	2018
63	2051	2003
63	2052	2000
63	2053	2002
63	2054	2019
63	2055	2006
63	2056	2007
63	2057	2020
63	2058	2017
63	2059	2006
63	2060	2007
64	2021	2013
64	2022	2007
64	2023	2017
64	2024	2008
64	2025	2007
64	2026	2016
64	2027	2002
64	2028	2014
64	2029	2020
64	2030	2008
64	2031	2017
64	2032	2012
64	2033	2014
64	2034	2020
64	2035	2006
64	2036	2002
64	2037	2005
64	2038	2000
64	2039	2008
64	2040	2008
64	2041	2002
64	2042	2004
64	2043	2016
64	2044	2004
64	2045	2012
64	2046	2001
64	2047	2000
64	2048	2007
64	2049	2013
64	2050	2011
64	2051	2006
64	2052	2017
64	2053	2019
64	2054	2015
64	2055	2000
64	2056	2009
64	2057	2014
64	2058	2018
64	2059	2013
64	2060	2005
65	2021	2004
65	2022	2003
65	2023	2014
65	2024	2004
65	2025	2017
65	2026	2020
65	2027	2010
65	2028	2000
65	2029	2019
65	2030	2002
65	2031	2015
65	2032	2007
65	2033	2003
65	2034	2003
65	2035	2010
65	2036	2008
65	2037	2010
65	2038	2008
65	2039	2010
65	2040	2008
65	2041	2013
65	2042	2008
65	2043	2004
65	2044	2020
65	2045	2009
65	2046	2002
65	2047	2006
65	2048	2005
65	2049	2007
65	2050	2020
65	2051	2017
65	2052	2005
65	2053	2007
65	2054	2006
65	2055	2002
65	2056	2020
65	2057	2019
65	2058	2000
65	2059	2003
65	2060	2012
66	2021	2008
66	2022	2006
66	2023	2010
66	2024	2007
66	2025	2013
66	2026	2008
66	2027	2011
66	2028	2008
66	2029	2000
66	2030	2007
66	2031	2000
66	2032	2016
66	2033	2008
66	2034	2014
66	2035	2011
66	2036	2000
66	2037	2013
66	2038	2015
66	2039	2001
66	2040	2006
66	2041	2005
66	2042	2005
66	2043	2018
66	2044	2020
66	2045	2020
66	2046	2018
66	2047	2001
66	2048	2012
66	2049	2014
66	2050	2018
66	2051	2011
66	2052	2019
66	2053	2014
66	2054	2005
66	2055	2019
66	2056	2013
66	2057	2018
66	2058	2019
66	2059	2013
66	2060	2020
67	2021	2016
67	2022	2013
67	2023	2011
67	2024	2004
67	2025	2002
67	2026	2003
67	2027	2019
67	2028	2004
67	2029	2007
67	2030	2015
67	2031	2007
67	2032	2003
67	2033	2006
67	2034	2006
67	2035	2013
67	2036	2013
67	2037	2017
67	2038	2015
67	2039	2016
67	2040	2020
67	2041	2001
67	2042	2014
67	2043	2008
67	2044	2001
67	2045	2015
67	2046	2005
67	2047	2020
67	2048	2008
67	2049	2001
67	2050	2018
67	2051	2007
67	2052	2020
67	2053	2018
67	2054	2012
67	2055	2006
67	2056	2008
67	2057	2008
67	2058	2007
67	2059	2013
67	2060	2010
68	2021	2011
68	2022	2011
68	2023	2001
68	2024	2013
68	2025	2009
68	2026	2002
68	2027	2004
68	2028	2005
68	2029	2009
68	2030	2008
68	2031	2017
68	2032	2003
68	2033	2003
68	2034	2012
68	2035	2004
68	2036	2002
68	2037	2003
68	2038	2001
68	2039	2007
68	2040	2005
68	2041	2003
68	2042	2003
68	2043	2000
68	2044	2013
68	2045	2005
68	2046	2014
68	2047	2008
68	2048	2000
68	2049	2018
68	2050	2015
68	2051	2007
68	2052	2010
68	2053	2008
68	2054	2007
68	2055	2002
68	2056	2002
68	2057	2010
68	2058	2014
68	2059	2009
68	2060	2019
69	2021	2003
69	2022	2006
69	2023	2006
69	2024	2016
69	2025	2002
69	2026	2007
69	2027	2013
69	2028	2001
69	2029	2013
69	2030	2003
69	2031	2014
69	2032	2010
69	2033	2009
69	2034	2013
69	2035	2001
69	2036	2003
69	2037	2001
69	2038	2005
69	2039	2017
69	2040	2019
69	2041	2003
69	2042	2019
69	2043	2012
69	2044	2011
69	2045	2008
69	2046	2001
69	2047	2008
69	2048	2006
69	2049	2004
69	2050	2003
69	2051	2012
69	2052	2001
69	2053	2015
69	2054	2017
69	2055	2002
69	2056	2015
69	2057	2009
69	2058	2010
69	2059	2011
69	2060	2011
70	2021	2001
70	2022	2012
70	2023	2012
70	2024	2003
70	2025	2013
70	2026	2007
70	2027	2015
70	2028	2001
70	2029	2004
70	2030	2012
70	2031	2018
70	2032	2009
70	2033	2009
70	2034	2005
70	2035	2003
70	2036	2013
70	2037	2017
70	2038	2015
70	2039	2004
70	2040	2008
70	2041	2017
70	2042	2000
70	2043	2005
70	2044	2005
70	2045	2018
70	2046	2010
70	2047	2011
70	2048	2020
70	2049	2006
70	2050	2010
70	2051	2001
70	2052	2014
70	2053	2000
70	2054	2020
70	2055	2015
70	2056	2016
70	2057	2008
70	2058	2000
70	2059	2003
70	2060	2006
71	2021	2007
71	2022	2013
71	2023	2001
71	2024	2015
71	2025	2002
71	2026	2010
71	2027	2002
71	2028	2013
71	2029	2013
71	2030	2020
71	2031	2001
71	2032	2001
71	2033	2017
71	2034	2019
71	2035	2020
71	2036	2009
71	2037	2018
71	2038	2000
71	2039	2003
71	2040	2017
71	2041	2003
71	2042	2000
71	2043	2004
71	2044	2003
71	2045	2002
71	2046	2003
71	2047	2010
71	2048	2010
71	2049	2020
71	2050	2011
71	2051	2007
71	2052	2013
71	2053	2006
71	2054	2010
71	2055	2007
71	2056	2001
71	2057	2011
71	2058	2005
71	2059	2019
71	2060	2002
72	2021	2014
72	2022	2016
72	2023	2003
72	2024	2010
72	2025	2014
72	2026	2011
72	2027	2003
72	2028	2018
72	2029	2009
72	2030	2011
72	2031	2003
72	2032	2020
72	2033	2020
72	2034	2000
72	2035	2015
72	2036	2014
72	2037	2009
72	2038	2010
72	2039	2012
72	2040	2005
72	2041	2002
72	2042	2009
72	2043	2000
72	2044	2013
72	2045	2003
72	2046	2002
72	2047	2017
72	2048	2016
72	2049	2000
72	2050	2010
72	2051	2006
72	2052	2000
72	2053	2003
72	2054	2005
72	2055	2014
72	2056	2016
72	2057	2011
72	2058	2007
72	2059	2017
72	2060	2010
73	2021	2019
73	2022	2013
73	2023	2019
73	2024	2008
73	2025	2000
73	2026	2001
73	2027	2009
73	2028	2008
73	2029	2016
73	2030	2018
73	2031	2006
73	2032	2010
73	2033	2014
73	2034	2002
73	2035	2005
73	2036	2017
73	2037	2002
73	2038	2016
73	2039	2020
73	2040	2012
73	2041	2001
73	2042	2018
73	2043	2017
73	2044	2007
73	2045	2001
73	2046	2002
73	2047	2017
73	2048	2006
73	2049	2015
73	2050	2020
73	2051	2002
73	2052	2018
73	2053	2000
73	2054	2002
73	2055	2014
73	2056	2017
73	2057	2003
73	2058	2009
73	2059	2017
73	2060	2006
74	2021	2005
74	2022	2003
74	2023	2008
74	2024	2011
74	2025	2006
74	2026	2006
74	2027	2000
74	2028	2006
74	2029	2016
74	2030	2003
74	2031	2018
74	2032	2000
74	2033	2005
74	2034	2020
74	2035	2018
74	2036	2004
74	2037	2004
74	2038	2008
74	2039	2001
74	2040	2005
74	2041	2011
74	2042	2004
74	2043	2017
74	2044	2001
74	2045	2005
74	2046	2012
74	2047	2008
74	2048	2018
74	2049	2007
74	2050	2019
74	2051	2003
74	2052	2014
74	2053	2004
74	2054	2002
74	2055	2016
74	2056	2007
74	2057	2009
74	2058	2013
74	2059	2001
74	2060	2018
75	2021	2016
75	2022	2002
75	2023	2012
75	2024	2015
75	2025	2015
75	2026	2005
75	2027	2018
75	2028	2003
75	2029	2001
75	2030	2016
75	2031	2016
75	2032	2012
75	2033	2017
75	2034	2003
75	2035	2019
75	2036	2014
75	2037	2013
75	2038	2001
75	2039	2001
75	2040	2003
75	2041	2008
75	2042	2018
75	2043	2011
75	2044	2000
75	2045	2007
75	2046	2005
75	2047	2014
75	2048	2007
75	2049	2019
75	2050	2005
75	2051	2014
75	2052	2015
75	2053	2019
75	2054	2013
75	2055	2010
75	2056	2011
75	2057	2008
75	2058	2018
75	2059	2011
75	2060	2005
76	2021	2017
76	2022	2004
76	2023	2008
76	2024	2009
76	2025	2010
76	2026	2014
76	2027	2008
76	2028	2001
76	2029	2012
76	2030	2019
76	2031	2007
76	2032	2018
76	2033	2020
76	2034	2012
76	2035	2002
76	2036	2020
76	2037	2020
76	2038	2013
76	2039	2008
76	2040	2003
76	2041	2020
76	2042	2008
76	2043	2008
76	2044	2018
76	2045	2007
76	2046	2016
76	2047	2015
76	2048	2010
76	2049	2006
76	2050	2004
76	2051	2008
76	2052	2015
76	2053	2017
76	2054	2001
76	2055	2012
76	2056	2017
76	2057	2005
76	2058	2004
76	2059	2015
76	2060	2017
77	2021	2008
77	2022	2020
77	2023	2018
77	2024	2018
77	2025	2003
77	2026	2004
77	2027	2010
77	2028	2010
77	2029	2003
77	2030	2018
77	2031	2012
77	2032	2002
77	2033	2013
77	2034	2009
77	2035	2015
77	2036	2007
77	2037	2018
77	2038	2004
77	2039	2000
77	2040	2008
77	2041	2014
77	2042	2001
77	2043	2010
77	2044	2016
77	2045	2014
77	2046	2019
77	2047	2004
77	2048	2019
77	2049	2008
77	2050	2007
77	2051	2020
77	2052	2010
77	2053	2002
77	2054	2019
77	2055	2003
77	2056	2011
77	2057	2016
77	2058	2002
77	2059	2006
77	2060	2002
78	2021	2009
78	2022	2017
78	2023	2020
78	2024	2006
78	2025	2013
78	2026	2015
78	2027	2013
78	2028	2001
78	2029	2020
78	2030	2007
78	2031	2003
78	2032	2011
78	2033	2019
78	2034	2007
78	2035	2012
78	2036	2003
78	2037	2003
78	2038	2011
78	2039	2019
78	2040	2002
78	2041	2017
78	2042	2017
78	2043	2016
78	2044	2001
78	2045	2007
78	2046	2007
78	2047	2015
78	2048	2014
78	2049	2001
78	2050	2014
78	2051	2014
78	2052	2015
78	2053	2013
78	2054	2007
78	2055	2014
78	2056	2003
78	2057	2016
78	2058	2001
78	2059	2015
78	2060	2009
79	2021	2017
79	2022	2000
79	2023	2006
79	2024	2014
79	2025	2001
79	2026	2011
79	2027	2019
79	2028	2014
79	2029	2011
79	2030	2011
79	2031	2006
79	2032	2007
79	2033	2011
79	2034	2016
79	2035	2001
79	2036	2007
79	2037	2010
79	2038	2010
79	2039	2000
79	2040	2012
79	2041	2008
79	2042	2009
79	2043	2012
79	2044	2020
79	2045	2010
79	2046	2004
79	2047	2011
79	2048	2002
79	2049	2001
79	2050	2013
79	2051	2020
79	2052	2011
79	2053	2017
79	2054	2018
79	2055	2001
79	2056	2010
79	2057	2016
79	2058	2015
79	2059	2017
79	2060	2012
80	2021	2019
80	2022	2015
80	2023	2011
80	2024	2006
80	2025	2013
80	2026	2011
80	2027	2010
80	2028	2002
80	2029	2009
80	2030	2013
80	2031	2002
80	2032	2008
80	2033	2014
80	2034	2009
80	2035	2002
80	2036	2012
80	2037	2020
80	2038	2001
80	2039	2020
80	2040	2015
80	2041	2007
80	2042	2017
80	2043	2002
80	2044	2001
80	2045	2007
80	2046	2005
80	2047	2006
80	2048	2005
80	2049	2009
80	2050	2016
80	2051	2007
80	2052	2020
80	2053	2007
80	2054	2014
80	2055	2003
80	2056	2007
80	2057	2012
80	2058	2002
80	2059	2019
80	2060	2010
81	2021	2020
81	2022	2013
81	2023	2019
81	2024	2011
81	2025	2015
81	2026	2003
81	2027	2000
81	2028	2012
81	2029	2005
81	2030	2020
81	2031	2006
81	2032	2018
81	2033	2013
81	2034	2016
81	2035	2006
81	2036	2002
81	2037	2007
81	2038	2002
81	2039	2006
81	2040	2005
81	2041	2012
81	2042	2011
81	2043	2013
81	2044	2008
81	2045	2018
81	2046	2017
81	2047	2007
81	2048	2017
81	2049	2007
81	2050	2000
81	2051	2002
81	2052	2007
81	2053	2004
81	2054	2018
81	2055	2014
81	2056	2014
81	2057	2016
81	2058	2014
81	2059	2012
81	2060	2014
82	2021	2000
82	2022	2015
82	2023	2018
82	2024	2006
82	2025	2011
82	2026	2000
82	2027	2001
82	2028	2008
82	2029	2011
82	2030	2001
82	2031	2020
82	2032	2018
82	2033	2008
82	2034	2012
82	2035	2017
82	2036	2017
82	2037	2020
82	2038	2015
82	2039	2001
82	2040	2008
82	2041	2005
82	2042	2019
82	2043	2015
82	2044	2020
82	2045	2015
82	2046	2000
82	2047	2017
82	2048	2005
82	2049	2009
82	2050	2005
82	2051	2000
82	2052	2012
82	2053	2002
82	2054	2009
82	2055	2004
82	2056	2014
82	2057	2018
82	2058	2007
82	2059	2006
82	2060	2013
83	2021	2018
83	2022	2006
83	2023	2004
83	2024	2006
83	2025	2002
83	2026	2007
83	2027	2012
83	2028	2006
83	2029	2004
83	2030	2004
83	2031	2015
83	2032	2011
83	2033	2004
83	2034	2015
83	2035	2017
83	2036	2007
83	2037	2005
83	2038	2004
83	2039	2012
83	2040	2007
83	2041	2007
83	2042	2002
83	2043	2007
83	2044	2019
83	2045	2006
83	2046	2001
83	2047	2002
83	2048	2012
83	2049	2000
83	2050	2013
83	2051	2009
83	2052	2009
83	2053	2001
83	2054	2001
83	2055	2020
83	2056	2014
83	2057	2016
83	2058	2013
83	2059	2019
83	2060	2012
84	2021	2016
84	2022	2006
84	2023	2011
84	2024	2018
84	2025	2015
84	2026	2019
84	2027	2006
84	2028	2012
84	2029	2005
84	2030	2007
84	2031	2012
84	2032	2014
84	2033	2005
84	2034	2007
84	2035	2001
84	2036	2011
84	2037	2004
84	2038	2017
84	2039	2016
84	2040	2007
84	2041	2001
84	2042	2005
84	2043	2003
84	2044	2014
84	2045	2016
84	2046	2000
84	2047	2006
84	2048	2008
84	2049	2008
84	2050	2012
84	2051	2009
84	2052	2002
84	2053	2006
84	2054	2005
84	2055	2016
84	2056	2000
84	2057	2020
84	2058	2013
84	2059	2016
84	2060	2002
85	2021	2014
85	2022	2001
85	2023	2016
85	2024	2018
85	2025	2016
85	2026	2001
85	2027	2002
85	2028	2020
85	2029	2019
85	2030	2015
85	2031	2006
85	2032	2011
85	2033	2009
85	2034	2015
85	2035	2013
85	2036	2006
85	2037	2006
85	2038	2018
85	2039	2004
85	2040	2008
85	2041	2005
85	2042	2007
85	2043	2005
85	2044	2002
85	2045	2008
85	2046	2019
85	2047	2007
85	2048	2018
85	2049	2002
85	2050	2001
85	2051	2010
85	2052	2013
85	2053	2017
85	2054	2004
85	2055	2006
85	2056	2016
85	2057	2002
85	2058	2019
85	2059	2005
85	2060	2011
86	2021	2010
86	2022	2007
86	2023	2004
86	2024	2019
86	2025	2016
86	2026	2008
86	2027	2012
86	2028	2001
86	2029	2020
86	2030	2001
86	2031	2011
86	2032	2005
86	2033	2015
86	2034	2017
86	2035	2019
86	2036	2012
86	2037	2004
86	2038	2019
86	2039	2007
86	2040	2013
86	2041	2001
86	2042	2006
86	2043	2001
86	2044	2001
86	2045	2012
86	2046	2004
86	2047	2011
86	2048	2016
86	2049	2002
86	2050	2019
86	2051	2006
86	2052	2007
86	2053	2000
86	2054	2015
86	2055	2011
86	2056	2020
86	2057	2003
86	2058	2000
86	2059	2007
86	2060	2011
87	2021	2003
87	2022	2003
87	2023	2001
87	2024	2010
87	2025	2001
87	2026	2018
87	2027	2009
87	2028	2007
87	2029	2000
87	2030	2017
87	2031	2008
87	2032	2007
87	2033	2006
87	2034	2020
87	2035	2010
87	2036	2020
87	2037	2007
87	2038	2020
87	2039	2005
87	2040	2015
87	2041	2004
87	2042	2016
87	2043	2011
87	2044	2000
87	2045	2019
87	2046	2010
87	2047	2018
87	2048	2014
87	2049	2001
87	2050	2020
87	2051	2017
87	2052	2015
87	2053	2001
87	2054	2002
87	2055	2016
87	2056	2001
87	2057	2006
87	2058	2001
87	2059	2002
87	2060	2005
88	2021	2000
88	2022	2013
88	2023	2016
88	2024	2005
88	2025	2003
88	2026	2006
88	2027	2019
88	2028	2019
88	2029	2004
88	2030	2012
88	2031	2000
88	2032	2004
88	2033	2014
88	2034	2018
88	2035	2015
88	2036	2007
88	2037	2016
88	2038	2016
88	2039	2012
88	2040	2005
88	2041	2006
88	2042	2013
88	2043	2003
88	2044	2006
88	2045	2000
88	2046	2000
88	2047	2003
88	2048	2001
88	2049	2018
88	2050	2004
88	2051	2001
88	2052	2004
88	2053	2010
88	2054	2014
88	2055	2020
88	2056	2001
88	2057	2003
88	2058	2003
88	2059	2006
88	2060	2020
89	2021	2018
89	2022	2015
89	2023	2013
89	2024	2019
89	2025	2000
89	2026	2000
89	2027	2004
89	2028	2014
89	2029	2011
89	2030	2019
89	2031	2010
89	2032	2002
89	2033	2018
89	2034	2009
89	2035	2001
89	2036	2019
89	2037	2007
89	2038	2014
89	2039	2005
89	2040	2011
89	2041	2000
89	2042	2008
89	2043	2011
89	2044	2002
89	2045	2003
89	2046	2019
89	2047	2013
89	2048	2004
89	2049	2003
89	2050	2010
89	2051	2008
89	2052	2003
89	2053	2014
89	2054	2000
89	2055	2019
89	2056	2018
89	2057	2007
89	2058	2005
89	2059	2019
89	2060	2013
90	2021	2011
90	2022	2012
90	2023	2020
90	2024	2015
90	2025	2016
90	2026	2019
90	2027	2000
90	2028	2016
90	2029	2002
90	2030	2013
90	2031	2019
90	2032	2009
90	2033	2019
90	2034	2000
90	2035	2014
90	2036	2019
90	2037	2000
90	2038	2012
90	2039	2014
90	2040	2006
90	2041	2019
90	2042	2007
90	2043	2000
90	2044	2007
90	2045	2006
90	2046	2018
90	2047	2008
90	2048	2015
90	2049	2004
90	2050	2016
90	2051	2016
90	2052	2013
90	2053	2018
90	2054	2007
90	2055	2019
90	2056	2004
90	2057	2015
90	2058	2005
90	2059	2002
90	2060	2010
91	2021	2006
91	2022	2007
91	2023	2001
91	2024	2017
91	2025	2001
91	2026	2012
91	2027	2004
91	2028	2000
91	2029	2005
91	2030	2018
91	2031	2000
91	2032	2014
91	2033	2018
91	2034	2017
91	2035	2013
91	2036	2004
91	2037	2007
91	2038	2003
91	2039	2013
91	2040	2003
91	2041	2008
91	2042	2006
91	2043	2008
91	2044	2006
91	2045	2018
91	2046	2020
91	2047	2018
91	2048	2008
91	2049	2001
91	2050	2009
91	2051	2011
91	2052	2014
91	2053	2001
91	2054	2003
91	2055	2002
91	2056	2006
91	2057	2000
91	2058	2010
91	2059	2010
91	2060	2013
92	2021	2011
92	2022	2014
92	2023	2018
92	2024	2001
92	2025	2012
92	2026	2006
92	2027	2006
92	2028	2000
92	2029	2004
92	2030	2000
92	2031	2014
92	2032	2008
92	2033	2003
92	2034	2000
92	2035	2002
92	2036	2004
92	2037	2003
92	2038	2010
92	2039	2000
92	2040	2005
92	2041	2019
92	2042	2019
92	2043	2016
92	2044	2014
92	2045	2001
92	2046	2006
92	2047	2018
92	2048	2000
92	2049	2003
92	2050	2009
92	2051	2020
92	2052	2011
92	2053	2020
92	2054	2008
92	2055	2014
92	2056	2000
92	2057	2011
92	2058	2004
92	2059	2017
92	2060	2013
93	2021	2001
93	2022	2014
93	2023	2019
93	2024	2004
93	2025	2013
93	2026	2005
93	2027	2020
93	2028	2002
93	2029	2007
93	2030	2014
93	2031	2006
93	2032	2012
93	2033	2008
93	2034	2020
93	2035	2001
93	2036	2015
93	2037	2017
93	2038	2000
93	2039	2012
93	2040	2017
93	2041	2009
93	2042	2020
93	2043	2020
93	2044	2006
93	2045	2020
93	2046	2001
93	2047	2005
93	2048	2009
93	2049	2008
93	2050	2015
93	2051	2001
93	2052	2019
93	2053	2004
93	2054	2006
93	2055	2014
93	2056	2006
93	2057	2017
93	2058	2012
93	2059	2011
93	2060	2011
94	2021	2015
94	2022	2009
94	2023	2009
94	2024	2019
94	2025	2011
94	2026	2004
94	2027	2010
94	2028	2020
94	2029	2008
94	2030	2017
94	2031	2008
94	2032	2006
94	2033	2018
94	2034	2006
94	2035	2007
94	2036	2002
94	2037	2002
94	2038	2009
94	2039	2002
94	2040	2002
94	2041	2005
94	2042	2016
94	2043	2008
94	2044	2011
94	2045	2004
94	2046	2004
94	2047	2002
94	2048	2020
94	2049	2008
94	2050	2019
94	2051	2017
94	2052	2019
94	2053	2013
94	2054	2009
94	2055	2007
94	2056	2007
94	2057	2001
94	2058	2016
94	2059	2017
94	2060	2017
95	2021	2014
95	2022	2020
95	2023	2008
95	2024	2000
95	2025	2015
95	2026	2019
95	2027	2016
95	2028	2008
95	2029	2010
95	2030	2017
95	2031	2019
95	2032	2006
95	2033	2010
95	2034	2011
95	2035	2002
95	2036	2010
95	2037	2014
95	2038	2009
95	2039	2012
95	2040	2002
95	2041	2003
95	2042	2020
95	2043	2019
95	2044	2012
95	2045	2012
95	2046	2000
95	2047	2008
95	2048	2001
95	2049	2020
95	2050	2008
95	2051	2009
95	2052	2017
95	2053	2017
95	2054	2005
95	2055	2007
95	2056	2002
95	2057	2005
95	2058	2002
95	2059	2007
95	2060	2002
96	2021	2001
96	2022	2014
96	2023	2002
96	2024	2006
96	2025	2000
96	2026	2002
96	2027	2006
96	2028	2012
96	2029	2011
96	2030	2013
96	2031	2019
96	2032	2014
96	2033	2009
96	2034	2003
96	2035	2014
96	2036	2014
96	2037	2017
96	2038	2012
96	2039	2001
96	2040	2015
96	2041	2011
96	2042	2011
96	2043	2002
96	2044	2006
96	2045	2013
96	2046	2010
96	2047	2002
96	2048	2014
96	2049	2020
96	2050	2005
96	2051	2005
96	2052	2012
96	2053	2008
96	2054	2004
96	2055	2009
96	2056	2012
96	2057	2018
96	2058	2020
96	2059	2016
96	2060	2004
97	2021	2006
97	2022	2020
97	2023	2010
97	2024	2020
97	2025	2014
97	2026	2015
97	2027	2001
97	2028	2008
97	2029	2003
97	2030	2003
97	2031	2009
97	2032	2007
97	2033	2001
97	2034	2009
97	2035	2009
97	2036	2007
97	2037	2004
97	2038	2012
97	2039	2018
97	2040	2016
97	2041	2020
97	2042	2003
97	2043	2016
97	2044	2005
97	2045	2011
97	2046	2007
97	2047	2009
97	2048	2001
97	2049	2016
97	2050	2014
97	2051	2009
97	2052	2019
97	2053	2001
97	2054	2006
97	2055	2001
97	2056	2008
97	2057	2005
97	2058	2002
97	2059	2013
97	2060	2006
98	2021	2007
98	2022	2017
98	2023	2019
98	2024	2017
98	2025	2011
98	2026	2006
98	2027	2008
98	2028	2000
98	2029	2005
98	2030	2008
98	2031	2012
98	2032	2000
98	2033	2007
98	2034	2020
98	2035	2009
98	2036	2017
98	2037	2012
98	2038	2006
98	2039	2007
98	2040	2015
98	2041	2016
98	2042	2006
98	2043	2010
98	2044	2000
98	2045	2004
98	2046	2010
98	2047	2009
98	2048	2007
98	2049	2012
98	2050	2014
98	2051	2017
98	2052	2007
98	2053	2000
98	2054	2010
98	2055	2010
98	2056	2014
98	2057	2016
98	2058	2019
98	2059	2009
98	2060	2008
99	2021	2007
99	2022	2006
99	2023	2008
99	2024	2008
99	2025	2010
99	2026	2010
99	2027	2017
99	2028	2012
99	2029	2006
99	2030	2001
99	2031	2001
99	2032	2003
99	2033	2017
99	2034	2019
99	2035	2001
99	2036	2011
99	2037	2020
99	2038	2011
99	2039	2010
99	2040	2005
99	2041	2000
99	2042	2006
99	2043	2020
99	2044	2008
99	2045	2011
99	2046	2001
99	2047	2007
99	2048	2015
99	2049	2009
99	2050	2003
99	2051	2015
99	2052	2016
99	2053	2018
99	2054	2004
99	2055	2012
99	2056	2000
99	2057	2006
99	2058	2020
99	2059	2015
99	2060	2017
100	2021	2004
100	2022	2019
100	2023	2013
100	2024	2013
100	2025	2011
100	2026	2013
100	2027	2011
100	2028	2016
100	2029	2016
100	2030	2003
100	2031	2020
100	2032	2006
100	2033	2005
100	2034	2018
100	2035	2007
100	2036	2004
100	2037	2019
100	2038	2002
100	2039	2013
100	2040	2019
100	2041	2002
100	2042	2005
100	2043	2014
100	2044	2006
100	2045	2016
100	2046	2008
100	2047	2005
100	2048	2012
100	2049	2005
100	2050	2009
100	2051	2015
100	2052	2003
100	2053	2000
100	2054	2020
100	2055	2011
100	2056	2003
100	2057	2000
100	2058	2012
100	2059	2001
100	2060	2018
